"Name","Calls","TotalDurationNs","AverageNs","Percentage","MinNs","MaxNs","StdDev"
"void mul_mat_q<(ggml_type)12, 128, false>(char const*, int const*, int const*, int const*, float*, float*, HIP_vector_type<unsigned int, 3u>, int, int, int, int, int, HIP_vector_type<unsigned int, 3u>, HIP_vector_type<unsigned int, 3u>, int, int, int, HIP_vector_type<unsigned int, 3u>, HIP_vector_type<unsigned int, 3u>, int, int, int, HIP_vector_type<unsigned int, 3u>)",428,241879638,565139.341121,74.42,142881,1765332,362636.420340
"Cijk_Alik_Bljk_HB_MT128x128x16_MI16x16x16x1_SN_1LDSB0_APM1_ABV0_ACED0_AF0EM1_AF1EM1_AMAS0_ASE_ASGT_ASLT_ASM_ASAE01_ASCE01_ASEM1_AAC0_BL1_BS1_CLR0_DTLA0_DTLB0_DTVA0_DTVB0_DVO0_ETSP_EPS1_ELFLR0_EMLL0_FSSC10_FL0_GLVWA2_GLVWB2_GRCGA1_GRCGB1_GRPM1_GRVW2_GSU1_GSUASB_GLS0_ISA1100_IU1_K1_KLA_LBSPPA128_LBSPPB128_LPA8_LPB8_LDL1_LRVW16_LWPMn1_LDW0_FMA_MIAV1_MDA2_MO40_MMFGLC_MKFGSU256_NTA0_NTB0_NTC0_NTD0_NEPBS0_NLCA1_NLCB1_ONLL1_OPLV0_PK0_PAP0_PGR1_PLR1_PKA0_SIA1_SLW1_SS1_SU32_SUM0_SUS256_SCIUI1_SPO0_SRVW0_SSO0_SVW1_SNLL0_TSGRA0_TSGRB0_TT4_64_TLDS1_UMLDSA1_UMLDSB1_U64SL1_USFGROn1_VAW2_VSn1_VW1_VWB2_VFLRP0_WSGRA1_WSGRB1_WS32_WG32_4_1_WGM4",34,29523726,868344.882353,9.08,755085,1505250,125390.886623
"void flash_attn_ext_f16<128, 128, 16, 4, false, false>(char const*, char const*, char const*, char const*, char const*, int const*, float*, HIP_vector_type<float, 2u>*, float, float, float, float, unsigned int, float, int, HIP_vector_type<unsigned int, 3u>, int, int, int, int, int, int, int, int, int, int, int, long, int, int, long, int, int, int, int, int, long)",72,14288261,198448.069444,4.40,189761,360283,25104.228641
"void rope_neox<true, false, float, float>(float const*, float*, int, int, int, int, int, int, int, int, int, int, int const*, float, float, float, rope_corr_dims, float, float const*, long const*, int)",72,4580071,63612.097222,1.41,61040,123841,9584.231279
"void quantize_mmq_q8_1<(mmq_q8_1_ds_layout)1>(float const*, int const*, void*, long, long, long, long, long, int, int)",428,4564077,10663.731308,1.40,8521,24041,4112.946589
"void dequantize_block_q6_K<__half>(void const*, __half*)",70,4271390,61019.857143,1.31,10720,184841,52645.212214
"void unary_gated_op_kernel<&(op_silu(float)), float>(float const*, float const*, float*, long, long, long, long)",70,4141308,59161.542857,1.27,57040,106281,6694.056310
"void rms_norm_f32<256, true, false>(float const*, float*, int, long, long, long, float, float const*, long, long, long, HIP_vector_type<unsigned int, 3u>, HIP_vector_type<unsigned int, 3u>, HIP_vector_type<unsigned int, 3u>, HIP_vector_type<unsigned int, 3u>, float const*, long, long, long, HIP_vector_type<unsigned int, 3u>, HIP_vector_type<unsigned int, 3u>, HIP_vector_type<unsigned int, 3u>, HIP_vector_type<unsigned int, 3u>)",144,3950062,27430.986111,1.22,10200,149161,19378.995940
"void convert_unary<float, __half>(void const*, __half*, long, long, long, HIP_vector_type<unsigned int, 3u>, long, long, long)",70,2933663,41909.471429,0.9026,20000,111961,22438.711898
"Cijk_Alik_Bljk_HB_MT64x64x32_MI16x16x16x1_SN_1LDSB1_APM1_ABV0_ACED0_AF0EM1_AF1EM1_AMAS0_ASE_ASGT_ASLT_ASM_ASAE01_ASCE01_ASEM1_AAC0_BL1_BS1_CLR0_DTLA0_DTLB0_DTVA0_DTVB0_DVO0_ETSP_EPS1_ELFLR0_EMLL0_FSSC10_FL0_GLVWA8_GLVWB8_GRCGA1_GRCGB1_GRPM1_GRVW8_GSU1_GSUASB_GLS0_ISA1100_IU2_K1_KLA_LBSPPA128_LBSPPB128_LPA8_LPB8_LDL1_LRVW16_LWPMn1_LDW0_FMA_MIAV1_MDA2_MO40_MMFGLC_MKFGSU256_NTA0_NTB0_NTC0_NTD0_NEPBS0_NLCA1_NLCB1_ONLL1_OPLV0_PK0_PAP0_PGR1_PLR1_PKA0_SIA2_SLW1_SS1_SU0_SUM0_SUS0_SCIUI1_SPO0_SRVW0_SSO0_SVW1_SNLL0_TSGRA0_TSGRB0_TT2_32_TLDS1_UMLDSA1_UMLDSB1_U64SL1_USFGROn1_VAW2_VSn1_VW1_VWB2_VFLRP0_WSGRA1_WSGRB1_WS32_WG32_4_1_WGM4",36,2925937,81276.027778,0.9002,72520,134041,13941.897564
"void rms_norm_f32<1024, true, false>(float const*, float*, int, long, long, long, float, float const*, long, long, long, HIP_vector_type<unsigned int, 3u>, HIP_vector_type<unsigned int, 3u>, HIP_vector_type<unsigned int, 3u>, HIP_vector_type<unsigned int, 3u>, float const*, long, long, long, HIP_vector_type<unsigned int, 3u>, HIP_vector_type<unsigned int, 3u>, HIP_vector_type<unsigned int, 3u>, HIP_vector_type<unsigned int, 3u>)",146,2765457,18941.486301,0.8508,3880,36521,3754.481326
"void k_bin_bcast<&(op_add(float, float)), float, float, float, float const*>(float const*, float const*, float*, int, int, int, HIP_vector_type<unsigned int, 3u>, HIP_vector_type<unsigned int, 3u>, HIP_vector_type<unsigned int, 3u>, HIP_vector_type<unsigned int, 3u>, HIP_vector_type<unsigned int, 3u>, int, int, int, int, int, int, int, int, int, int, int, float const*)",142,2618462,18439.873239,0.8056,2120,34240,3474.499382
"void flash_attn_stream_k_fixup_general<128, 16, 4>(float*, HIP_vector_type<float, 2u> const*, int, int, int, int, HIP_vector_type<unsigned int, 3u>, HIP_vector_type<unsigned int, 3u>, HIP_vector_type<unsigned int, 3u>, HIP_vector_type<unsigned int, 3u>)",72,1515851,21053.486111,0.4664,19841,37480,2718.169320
"void rope_neox<true, false, float, __half>(float const*, __half*, int, int, int, int, int, int, int, int, int, int, int const*, float, float, float, rope_corr_dims, float, float const*, long const*, int)",72,1310328,18199.000000,0.4031,17041,33480,2525.536998
"void mul_mat_vec_q<(ggml_type)14, 1, false, false>(void const*, void const*, int const*, ggml_cuda_mm_fusion_args_device, float*, unsigned int, HIP_vector_type<unsigned int, 3u>, unsigned int, unsigned int, unsigned int, HIP_vector_type<unsigned int, 3u>, unsigned int, unsigned int, unsigned int, HIP_vector_type<unsigned int, 3u>, unsigned int, unsigned int, unsigned int, unsigned int)",2,1124048,562024.000000,0.3458,561604,562444,593.969696
"void convert_unary<__half, float>(void const*, float*, long, long, long, HIP_vector_type<unsigned int, 3u>, long, long, long)",70,953287,13618.385714,0.2933,5680,39161,7740.454490
"void k_set_rows<float, long, __half>(float const*, long const*, __half*, long, long, long, long, long, long, long, long, long, long, long, long, long, long, HIP_vector_type<unsigned int, 3u>, HIP_vector_type<unsigned int, 3u>, HIP_vector_type<unsigned int, 3u>, HIP_vector_type<unsigned int, 3u>, HIP_vector_type<unsigned int, 3u>)",72,670047,9306.208333,0.2062,8640,17520,1325.217558
"__amd_rocclr_copyBuffer",153,583724,3815.189542,0.1796,2480,18320,1390.730742
"void mul_mat_vec_q<(ggml_type)12, 1, true, false>(void const*, void const*, int const*, ggml_cuda_mm_fusion_args_device, float*, unsigned int, HIP_vector_type<unsigned int, 3u>, unsigned int, unsigned int, unsigned int, HIP_vector_type<unsigned int, 3u>, unsigned int, unsigned int, unsigned int, HIP_vector_type<unsigned int, 3u>, unsigned int, unsigned int, unsigned int, unsigned int)",2,185401,92700.500000,0.0570,92481,92920,310.419877
"void mul_mat_vec_q<(ggml_type)14, 1, true, false>(void const*, void const*, int const*, ggml_cuda_mm_fusion_args_device, float*, unsigned int, HIP_vector_type<unsigned int, 3u>, unsigned int, unsigned int, unsigned int, HIP_vector_type<unsigned int, 3u>, unsigned int, unsigned int, unsigned int, HIP_vector_type<unsigned int, 3u>, unsigned int, unsigned int, unsigned int, unsigned int)",2,115040,57520.000000,0.0354,57240,57800,395.979797
"__amd_rocclr_fillBufferAligned",1,104360,104360.000000,0.0321,104360,104360,0.00000000e+00
"quantize_q8_1(float const*, void*, long, long, long, long, long, unsigned int, HIP_vector_type<unsigned int, 3u>)",6,12120,2020.000000,3.729e-03,1280,2800,515.829429
"void k_get_rows_float<float, float>(float const*, int const*, float*, long, long, HIP_vector_type<unsigned int, 3u>, unsigned long, unsigned long, unsigned long, unsigned long, unsigned long, unsigned long, unsigned long, unsigned long, unsigned long)",4,10120,2530.000000,3.114e-03,1680,3480,754.983444
